{"cameraMode":{"drawMode":0,"name":"Shaded","section":"Shading Mode"},"sceneLighting":true,"audioPlay":false,"sceneViewState":{"m_AlwaysRefresh":false,"showFog":true,"showSkybox":true,"showFlares":true,"showImageEffects":true,"showParticleSystems":true,"showVisualEffectGraphs":true,"m_FxEnabled":true},"in2DMode":false,"pivot":{"x":0.7539644837379456,"y":0.21241360902786256,"z":0.6845400333404541},"rotation":{"x":-0.08874280750751496,"y":-0.8277512192726135,"z":0.1368188112974167,"w":-0.5368832349777222},"size":12.461819648742676,"orthographic":false}